{"0": [{"part": 0, "min_x": -14.65, "max_x": 17.25, "min_y": -40.0, "max_y": 10.75, "width": 31.9, "height": 50.75}], "1": [{"part": 0, "min_x": -14.65, "max_x": 17.9, "min_y": -40.0, "max_y": 10.75, "width": 32.55, "height": 50.75}], "2": [{"part": 0, "min_x": -38.25, "max_x": 39.95, "min_y": -60.55, "max_y": 21.05, "width": 78.2, "height": 81.6}], "3": [{"part": 0, "min_x": -33.1, "max_x": 36.5, "min_y": -60.55, "max_y": 18.5, "width": 69.6, "height": 79.05}], "4": [{"part": 0, "min_x": -159.1, "max_x": 159.05, "min_y": -181.75, "max_y": 181.75, "width": 318.15, "height": 363.5}], "5": [{"part": 0, "min_x": -160.4, "max_x": 160.4, "min_y": -197.2, "max_y": 199.75, "width": 320.8, "height": 396.95}], "6": [{"part": 0, "min_x": -373.05, "max_x": 664.95, "min_y": -286.45, "max_y": 386.55, "width": 1038.0, "height": 673.0}, {"part": 1, "min_x": -377.0, "max_x": 661.0, "min_y": 516.0, "max_y": 1172.0, "width": 1038.0, "height": 656.0}, {"part": 2, "min_x": -473.0, "max_x": 749.6, "min_y": 418.2, "max_y": 480.7, "width": 1222.6, "height": 62.5}, {"part": 3, "min_x": -666.0, "max_x": -428.0, "min_y": 562.5, "max_y": 755.5, "width": 238.0, "height": 193.0}], "7": [{"part": 0, "min_x": -36.1, "max_x": 36.1, "min_y": -93.65, "max_y": 17.6, "width": 72.2, "height": 111.25}], "8": [{"part": 0, "min_x": -55.6, "max_x": 50.7, "min_y": -119.95, "max_y": 16.6, "width": 106.30000000000001, "height": 136.55}], "9": [{"part": 0, "min_x": -44.85, "max_x": 55.6, "min_y": -119.0, "max_y": 18.55, "width": 100.45, "height": 137.55}], "10": [{"part": 0, "min_x": -43.85, "max_x": 45.6, "min_y": -53.9, "max_y": 39.1, "width": 89.45, "height": 93.0}], "11": [{"part": 0, "min_x": -97.7, "max_x": 97.7, "min_y": -88.65, "max_y": 59.05, "width": 195.4, "height": 147.7}], "12": [{"part": 0, "min_x": -67.3, "max_x": 69.05, "min_y": -97.3, "max_y": 63.4, "width": 136.35, "height": 160.7}], "13": [{"part": 0, "min_x": -52.55, "max_x": 51.7, "min_y": -53.05, "max_y": 47.75, "width": 104.25, "height": 100.8}], "14": [{"part": 0, "min_x": -70.8, "max_x": 69.05, "min_y": -91.25, "max_y": 41.7, "width": 139.85, "height": 132.95}], "15": [{"part": 0, "min_x": -47.35, "max_x": 49.05, "min_y": -69.55, "max_y": 44.3, "width": 96.4, "height": 113.85}], "16": [{"part": 0, "min_x": -110.7, "max_x": 101.15, "min_y": -106.0, "max_y": 63.4, "width": 211.85000000000002, "height": 169.4}], "17": [{"part": 0, "min_x": -73.85, "max_x": 75.15, "min_y": -42.6, "max_y": 11.4, "width": 149.0, "height": 54.0}], "18": [{"part": 0, "min_x": -73.85, "max_x": 73.85, "min_y": -35.45, "max_y": 15.95, "width": 147.7, "height": 51.400000000000006}], "19": [{"part": 0, "min_x": -74.5, "max_x": 73.2, "min_y": -42.6, "max_y": 12.7, "width": 147.7, "height": 55.3}], "20": [{"part": 0, "min_x": -73.85, "max_x": 74.5, "min_y": -35.45, "max_y": 15.3, "width": 148.35, "height": 50.75}], "21": [{"part": 0, "min_x": 0.0, "max_x": 238.0, "min_y": 0.0, "max_y": 193.0, "width": 238.0, "height": 193.0}], "22": [{"part": 0, "min_x": -624.0, "max_x": 598.6, "min_y": 767.8, "max_y": 830.3, "width": 1222.6, "height": 62.5}, {"part": 1, "min_x": -518.0, "max_x": 520.0, "min_y": 825.0, "max_y": 1481.0, "width": 1038.0, "height": 656.0}, {"part": 2, "min_x": -548.75, "max_x": -517.0, "min_y": 783.0, "max_y": 1501.35, "width": 31.75, "height": 718.3499999999999}, {"part": 3, "min_x": 519.0, "max_x": 550.4, "min_y": 810.9, "max_y": 1498.8, "width": 31.399999999999977, "height": 687.9}, {"part": 4, "min_x": -518.0, "max_x": 520.0, "min_y": 802.1, "max_y": 825.1, "width": 1038.0, "height": 23.0}, {"part": 5, "min_x": -518.0, "max_x": 520.0, "min_y": 1480.0, "max_y": 1554.9, "width": 1038.0, "height": 74.90000000000009}, {"part": 6, "min_x": -518.0, "max_x": 520.0, "min_y": 56.3, "max_y": 729.3, "width": 1038.0, "height": 673.0}, {"part": 7, "min_x": -547.45, "max_x": -517.0, "min_y": 35.4, "max_y": 783.0, "width": 30.450000000000045, "height": 747.6}, {"part": 8, "min_x": 519.0, "max_x": 549.1, "min_y": 39.3, "max_y": 792.4, "width": 30.100000000000023, "height": 753.1}, {"part": 9, "min_x": -518.0, "max_x": 520.0, "min_y": 728.0, "max_y": 800.0, "width": 1038.0, "height": 72.0}, {"part": 10, "min_x": -518.0, "max_x": 520.0, "min_y": -16.5, "max_y": 57.0, "width": 1038.0, "height": 73.5}, {"part": 11, "min_x": -395.6, "max_x": -264.2, "min_y": 704.5, "max_y": 854.15, "width": 131.40000000000003, "height": 149.64999999999998}, {"part": 12, "min_x": 259.5, "max_x": 388.3, "min_y": 705.1, "max_y": 850.85, "width": 128.8, "height": 145.75}]}