{"0": [{"part": 0, "min_x": -26.55, "max_x": 11.1, "min_y": -18.1, "max_y": 9.0, "width": 37.65, "height": 27.1}], "1": [{"part": 0, "min_x": 368.5, "max_x": 385.5, "min_y": 500.75, "max_y": 512.75, "width": 17.0, "height": 12.0}], "2": [{"part": 0, "min_x": 84.75, "max_x": 113.4, "min_y": 71.2, "max_y": 112.35, "width": 28.650000000000006, "height": 41.14999999999999}], "3": [{"part": 0, "min_x": -37.0, "max_x": 36.0, "min_y": -50.0, "max_y": 33.0, "width": 73.0, "height": 83.0}, {"part": 1, "min_x": -30.5, "max_x": 33.0, "min_y": -36.5, "max_y": 17.0, "width": 63.5, "height": 53.5}], "4": [{"part": 0, "min_x": -37.0, "max_x": 36.0, "min_y": -50.0, "max_y": 33.0, "width": 73.0, "height": 83.0}]}