{"0": [{"part": 0, "min_x": -24.45, "max_x": 27.1, "min_y": -39.1, "max_y": -0.1, "width": 51.55, "height": 39.0}], "1": [{"part": 0, "min_x": -17.2, "max_x": 12.55, "min_y": -17.85, "max_y": 3.35, "width": 29.75, "height": 21.200000000000003}], "2": [{"part": 0, "min_x": -39.65, "max_x": 38.3, "min_y": -104.8, "max_y": -28.85, "width": 77.94999999999999, "height": 75.94999999999999}], "3": [{"part": 0, "min_x": -9.85, "max_x": 12.65, "min_y": -30.45, "max_y": -8.0, "width": 22.5, "height": 22.45}], "4": [{"part": 0, "min_x": -14.9, "max_x": 9.6, "min_y": -28.85, "max_y": -9.0, "width": 24.5, "height": 19.85}], "5": [{"part": 0, "min_x": -13.25, "max_x": 9.9, "min_y": -27.15, "max_y": 4.6, "width": 23.15, "height": 31.75}], "6": [{"part": 0, "min_x": -10.95, "max_x": 10.25, "min_y": -23.55, "max_y": 6.2, "width": 21.2, "height": 29.75}], "7": [{"part": 0, "min_x": -12.25, "max_x": 16.85, "min_y": -20.55, "max_y": -5.35, "width": 29.1, "height": 15.200000000000001}], "8": [{"part": 0, "min_x": -128.0, "max_x": -120.0, "min_y": -128.0, "max_y": -120.0, "width": 8.0, "height": 8.0}], "9": [{"part": 0, "min_x": -39.65, "max_x": 38.3, "min_y": -104.8, "max_y": -28.85, "width": 77.94999999999999, "height": 75.94999999999999}]}