{"0": [{"part": 0, "min_x": -28.35, "max_x": 26.5, "min_y": -42.9, "max_y": 21.85, "width": 54.85, "height": 64.75}], "1": [{"part": 0, "min_x": -30.55, "max_x": 39.4, "min_y": -36.1, "max_y": 38.9, "width": 69.95, "height": 75.0}], "2": [{"part": 0, "min_x": -46.0, "max_x": 46.0, "min_y": -49.0, "max_y": 49.0, "width": 92.0, "height": 98.0}], "3": [{"part": 0, "min_x": -10.55, "max_x": 8.0, "min_y": 2.0, "max_y": 26.5, "width": 18.55, "height": 24.5}], "4": [{"part": 0, "min_x": -43.35, "max_x": 42.95, "min_y": -65.3, "max_y": 7.3, "width": 86.30000000000001, "height": 72.6}], "5": [{"part": 0, "min_x": -45.6, "max_x": -9.25, "min_y": -38.35, "max_y": -19.8, "width": 36.35, "height": 18.55}], "6": [{"part": 0, "min_x": -11.65, "max_x": 10.85, "min_y": -41.05, "max_y": -17.9, "width": 22.5, "height": 23.15}], "7": [{"part": 0, "min_x": 9.2, "max_x": 44.9, "min_y": -38.35, "max_y": -19.8, "width": 35.7, "height": 18.55}], "8": [{"part": 0, "min_x": -22.0, "max_x": 22.0, "min_y": -22.0, "max_y": 22.0, "width": 44.0, "height": 44.0}], "9": [{"part": 0, "min_x": -45.6, "max_x": -8.6, "min_y": -46.25, "max_y": -23.1, "width": 37.0, "height": 23.15}], "10": [{"part": 0, "min_x": 7.85, "max_x": 45.55, "min_y": -35.05, "max_y": -11.9, "width": 37.699999999999996, "height": 23.15}], "11": [{"part": 0, "min_x": -42.95, "max_x": -5.95, "min_y": -54.2, "max_y": -26.4, "width": 37.0, "height": 27.800000000000004}], "12": [{"part": 0, "min_x": 5.9, "max_x": 42.9, "min_y": -31.75, "max_y": -3.95, "width": 37.0, "height": 27.8}], "13": [{"part": 0, "min_x": -37.7, "max_x": -2.65, "min_y": -60.8, "max_y": -29.05, "width": 35.050000000000004, "height": 31.749999999999996}], "14": [{"part": 0, "min_x": 1.95, "max_x": 37.6, "min_y": -28.45, "max_y": 2.65, "width": 35.65, "height": 31.099999999999998}], "15": [{"part": 0, "min_x": -29.75, "max_x": 2.0, "min_y": -64.75, "max_y": -32.35, "width": 31.75, "height": 32.4}], "16": [{"part": 0, "min_x": -2.05, "max_x": 29.7, "min_y": -25.8, "max_y": 7.25, "width": 31.75, "height": 33.05}], "17": [{"part": 0, "min_x": -20.5, "max_x": 5.95, "min_y": -66.7, "max_y": -35.0, "width": 26.45, "height": 31.700000000000003}], "18": [{"part": 0, "min_x": -6.0, "max_x": 19.8, "min_y": -22.5, "max_y": 9.25, "width": 25.8, "height": 31.75}], "19": [{"part": 0, "min_x": -9.95, "max_x": 9.25, "min_y": -66.7, "max_y": -35.65, "width": 19.2, "height": 31.050000000000004}], "20": [{"part": 0, "min_x": -9.95, "max_x": 9.25, "min_y": -21.85, "max_y": 9.25, "width": 19.2, "height": 31.1}], "21": [{"part": 0, "min_x": -5.35, "max_x": 21.1, "min_y": -66.75, "max_y": -35.0, "width": 26.450000000000003, "height": 31.75}], "22": [{"part": 0, "min_x": -19.2, "max_x": 6.55, "min_y": -22.5, "max_y": 9.2, "width": 25.75, "height": 31.7}], "23": [{"part": 0, "min_x": -1.4, "max_x": 30.35, "min_y": -64.75, "max_y": -32.35, "width": 31.75, "height": 32.4}], "24": [{"part": 0, "min_x": -29.1, "max_x": 2.6, "min_y": -25.8, "max_y": 7.25, "width": 31.700000000000003, "height": 33.05}], "25": [{"part": 0, "min_x": 3.2, "max_x": 38.25, "min_y": -60.8, "max_y": -29.05, "width": 35.05, "height": 31.749999999999996}], "26": [{"part": 0, "min_x": -37.05, "max_x": -1.35, "min_y": -28.45, "max_y": 2.6, "width": 35.699999999999996, "height": 31.05}], "27": [{"part": 0, "min_x": 6.5, "max_x": 43.5, "min_y": -54.2, "max_y": -26.45, "width": 37.0, "height": 27.750000000000004}], "28": [{"part": 0, "min_x": -42.3, "max_x": -5.3, "min_y": -31.75, "max_y": -4.0, "width": 37.0, "height": 27.75}], "29": [{"part": 0, "min_x": 9.15, "max_x": 46.15, "min_y": -46.25, "max_y": -23.15, "width": 37.0, "height": 23.1}], "30": [{"part": 0, "min_x": -44.95, "max_x": -7.3, "min_y": -35.05, "max_y": -11.9, "width": 37.650000000000006, "height": 23.15}], "31": [{"part": 0, "min_x": -27.7, "max_x": 26.5, "min_y": -42.2, "max_y": 21.85, "width": 54.2, "height": 64.05000000000001}], "32": [{"part": 0, "min_x": -2.6, "max_x": 21.2, "min_y": 0.05, "max_y": 25.15, "width": 23.8, "height": 25.099999999999998}], "33": [{"part": 0, "min_x": -25.7, "max_x": 26.5, "min_y": -42.9, "max_y": 21.85, "width": 52.2, "height": 64.75}], "34": [{"part": 0, "min_x": 5.3, "max_x": 31.75, "min_y": -3.95, "max_y": 19.9, "width": 26.45, "height": 23.849999999999998}], "35": [{"part": 0, "min_x": -26.4, "max_x": 26.5, "min_y": -42.2, "max_y": 21.85, "width": 52.9, "height": 64.05000000000001}], "36": [{"part": 0, "min_x": 12.55, "max_x": 38.35, "min_y": -9.9, "max_y": 11.3, "width": 25.8, "height": 21.200000000000003}], "37": [{"part": 0, "min_x": -26.4, "max_x": 25.15, "min_y": -42.9, "max_y": 21.85, "width": 51.55, "height": 64.75}], "38": [{"part": 0, "min_x": 18.5, "max_x": 39.7, "min_y": -17.15, "max_y": 0.05, "width": 21.200000000000003, "height": 17.2}], "39": [{"part": 0, "min_x": -26.4, "max_x": 25.15, "min_y": -42.9, "max_y": 21.2, "width": 51.55, "height": 64.1}], "40": [{"part": 0, "min_x": 17.85, "max_x": 39.0, "min_y": -28.35, "max_y": -7.85, "width": 21.15, "height": 20.5}], "41": [{"part": 0, "min_x": -26.4, "max_x": 25.8, "min_y": -42.9, "max_y": 21.85, "width": 52.2, "height": 64.75}], "42": [{"part": 0, "min_x": 17.2, "max_x": 32.4, "min_y": -36.95, "max_y": -19.05, "width": 15.2, "height": 17.900000000000002}], "43": [{"part": 0, "min_x": -27.05, "max_x": 25.8, "min_y": -43.55, "max_y": 21.2, "width": 52.85, "height": 64.75}], "44": [{"part": 0, "min_x": 0.05, "max_x": 21.85, "min_y": -42.9, "max_y": -23.7, "width": 21.8, "height": 19.2}], "45": [{"part": 0, "min_x": -46.1, "max_x": 44.9, "min_y": -68.25, "max_y": 8.25, "width": 91.0, "height": 76.5}], "46": [{"part": 0, "min_x": -45.6, "max_x": -9.25, "min_y": -38.35, "max_y": -19.8, "width": 36.35, "height": 18.55}, {"part": 1, "min_x": -45.6, "max_x": -35.0, "min_y": -37.7, "max_y": -20.45, "width": 10.600000000000001, "height": 17.250000000000004}], "47": [{"part": 0, "min_x": 9.2, "max_x": 44.9, "min_y": -38.35, "max_y": -19.8, "width": 35.7, "height": 18.55}, {"part": 1, "min_x": 34.95, "max_x": 44.9, "min_y": -37.7, "max_y": -20.45, "width": 9.949999999999996, "height": 17.250000000000004}], "48": [{"part": 0, "min_x": -45.6, "max_x": -8.6, "min_y": -46.25, "max_y": -23.1, "width": 37.0, "height": 23.15}, {"part": 1, "min_x": -45.6, "max_x": -32.35, "min_y": -46.25, "max_y": -28.4, "width": 13.25, "height": 17.85}], "49": [{"part": 0, "min_x": 7.85, "max_x": 45.55, "min_y": -35.05, "max_y": -11.9, "width": 37.699999999999996, "height": 23.15}, {"part": 1, "min_x": 31.65, "max_x": 45.55, "min_y": -29.1, "max_y": -11.9, "width": 13.899999999999999, "height": 17.200000000000003}], "50": [{"part": 0, "min_x": -42.95, "max_x": -5.95, "min_y": -54.2, "max_y": -26.4, "width": 37.0, "height": 27.800000000000004}, {"part": 1, "min_x": -42.95, "max_x": -27.05, "min_y": -54.2, "max_y": -36.3, "width": 15.900000000000002, "height": 17.900000000000006}], "51": [{"part": 0, "min_x": 5.9, "max_x": 42.9, "min_y": -31.75, "max_y": -3.95, "width": 37.0, "height": 27.8}, {"part": 1, "min_x": 25.7, "max_x": 42.9, "min_y": -21.85, "max_y": -3.95, "width": 17.2, "height": 17.900000000000002}], "52": [{"part": 0, "min_x": -37.7, "max_x": -2.65, "min_y": -60.8, "max_y": -29.05, "width": 35.050000000000004, "height": 31.749999999999996}, {"part": 1, "min_x": -37.7, "max_x": -19.8, "min_y": -60.8, "max_y": -42.9, "width": 17.900000000000002, "height": 17.9}], "53": [{"part": 0, "min_x": 1.95, "max_x": 37.6, "min_y": -28.45, "max_y": 2.65, "width": 35.65, "height": 31.099999999999998}, {"part": 1, "min_x": 18.45, "max_x": 37.6, "min_y": -14.6, "max_y": 2.65, "width": 19.150000000000002, "height": 17.25}], "54": [{"part": 0, "min_x": -29.75, "max_x": 2.0, "min_y": -64.75, "max_y": -32.35, "width": 31.75, "height": 32.4}, {"part": 1, "min_x": -29.75, "max_x": -10.55, "min_y": -64.75, "max_y": -49.5, "width": 19.2, "height": 15.25}], "55": [{"part": 0, "min_x": -2.05, "max_x": 29.7, "min_y": -25.8, "max_y": 7.25, "width": 31.75, "height": 33.05}, {"part": 1,