{"0": [{"part": 0, "min_x": -75.0, "max_x": 74.5, "min_y": -45.0, "max_y": 41.1, "width": 149.5, "height": 86.1}], "1": [{"part": 0, "min_x": -76.0, "max_x": 75.5, "min_y": -44.0, "max_y": 41.9, "width": 151.5, "height": 85.9}], "2": [{"part": 0, "min_x": -75.0, "max_x": 75.0, "min_y": -35.05, "max_y": 36.5, "width": 150.0, "height": 71.55}], "3": [{"part": 0, "min_x": -75.0, "max_x": 74.5, "min_y": -35.05, "max_y": 37.0, "width": 149.5, "height": 72.05}], "4": [{"part": 0, "min_x": -61.6, "max_x": 64.2, "min_y": -119.3, "max_y": 14.35, "width": 125.80000000000001, "height": 133.65}], "5": [{"part": 0, "min_x": -29.5, "max_x": 29.5, "min_y": -128.85, "max_y": 22.15, "width": 59.0, "height": 151.0}], "6": [{"part": 0, "min_x": -86.75, "max_x": 99.75, "min_y": -223.1, "max_y": -17.45, "width": 186.5, "height": 205.65}], "7": [{"part": 0, "min_x": -97.15, "max_x": 52.95, "min_y": -125.4, "max_y": 83.75, "width": 150.10000000000002, "height": 209.15}], "8": [{"part": 0, "min_x": -52.95, "max_x": 97.15, "min_y": -125.4, "max_y": 83.75, "width": 150.10000000000002, "height": 209.15}], "9": [{"part": 0, "min_x": -181.0, "max_x": 883.0, "min_y": 207.0, "max_y": 850.0, "width": 1064.0, "height": 643.0}, {"part": 1, "min_x": -181.0, "max_x": 883.0, "min_y": -494.0, "max_y": 180.0, "width": 1064.0, "height": 674.0}], "10": [{"part": 0, "min_x": -39.05, "max_x": 39.9, "min_y": -56.0, "max_y": 28.2, "width": 78.94999999999999, "height": 84.2}], "11": [{"part": 0, "min_x": -22.55, "max_x": 22.55, "min_y": -46.45, "max_y": 16.05, "width": 45.1, "height": 62.5}], "12": [{"part": 0, "min_x": -39.9, "max_x": 36.45, "min_y": -121.9, "max_y": 23.9, "width": 76.35, "height": 145.8}], "13": [{"part": 0, "min_x": -58.15, "max_x": 55.55, "min_y": -103.7, "max_y": 34.3, "width": 113.69999999999999, "height": 138.0}], "14": [{"part": 0, "min_x": -91.1, "max_x": 98.05, "min_y": -213.0, "max_y": 91.55, "width": 189.14999999999998, "height": 304.55}], "15": [{"part": 0, "min_x": 307.0, "max_x": 470.1, "min_y": 412.9, "max_y": 502.3, "width": 163.10000000000002, "height": 89.40000000000003}], "16": [{"part": 0, "min_x": -100.65, "max_x": 96.3, "min_y": -206.05, "max_y": 82.0, "width": 196.95, "height": 288.05}], "17": [{"part": 0, "min_x": 294.85, "max_x": 461.4, "min_y": 431.1, "max_y": 536.15, "width": 166.54999999999995, "height": 105.04999999999995}], "18": [{"part": 0, "min_x": -60.75, "max_x": 56.4, "min_y": -103.7, "max_y": 37.75, "width": 117.15, "height": 141.45}], "19": [{"part": 0, "min_x": -59.0, "max_x": 58.15, "min_y": -108.05, "max_y": 37.75, "width": 117.15, "height": 145.8}], "20": [{"part": 0, "min_x": -82.4, "max_x": 85.9, "min_y": -218.2, "max_y": -134.0, "width": 168.3, "height": 84.19999999999999}], "21": [{"part": 0, "min_x": -72.0, "max_x": 82.4, "min_y": -185.25, "max_y": 117.55, "width": 154.4, "height": 302.8}], "22": [{"part": 0, "min_x": -36.45, "max_x": 36.45, "min_y": -163.55, "max_y": 28.2, "width": 72.9, "height": 191.75}], "23": [{"part": 0, "min_x": -39.05, "max_x": 67.65, "min_y": -53.4, "max_y": 16.05, "width": 106.7, "height": 69.45}], "24": [{"part": 0, "min_x": -148.4, "max_x": 148.4, "min_y": -113.9, "max_y": 124.3, "width": 296.8, "height": 238.2}], "25": [{"part": 0, "min_x": -148.4, "max_x": 148.4, "min_y": -113.9, "max_y": 123.0, "width": 296.8, "height": 236.9}], "26": [{"part": 0, "min_x": -148.4, "max_x": 148.4, "min_y": -113.9, "max_y": 123.0, "width": 296.8, "height": 236.9}], "27": [{"part": 0, "min_x": -148.4, "max_x": 148.4, "min_y": -113.9, "max_y": 124.3, "width": 296.8, "height": 238.2}], "28": [{"part": 0, "min_x": -148.4, "max_x": 148.4, "min_y": -113.9, "max_y": 124.3, "width": 296.8, "height": 238.2}], "29": [{"part": 0, "min_x": -87.6, "max_x": 91.95, "min_y": -216.15, "max_y": 0.75, "width": 179.55, "height": 216.9}], "30": [{"part": 0, "min_x": -47.8, "max_x": 58.9, "min_y": -47.8, "max_y": 48.45, "width": 106.69999999999999, "height": 96.25}], "31": [{"part": 0, "min_x": -2.4, "max_x": 240.35, "min_y": -1.9, "max_y": 195.95, "width": 242.75, "height": 197.85}], "32": [{"part": 0, "min_x": -266.0, "max_x": 266.0, "min_y": -46.05, "max_y": 23.7, "width": 532.0, "height": 69.75}, {"part": 1, "min_x": -266.0, "max_x": 266.0, "min_y": 359.0, "max_y": 376.9, "width": 532.0, "height": 17.899999999999977}, {"part": 2, "min_x": -266.0, "max_x": 266.0, "min_y": 23.0, "max_y": 360.0, "width": 532.0, "height": 337.0}, {"part": 3, "min_x": 265.0, "max_x": 325.2, "min_y": -12.6, "max_y": 371.3, "width": 60.19999999999999, "height": 383.90000000000003}, {"part": 4, "min_x": -332.4, "max_x": -265.75, "min_y": -19.35, "max_y": 378.2, "width": 66.64999999999998, "height": 397.55}], "33": [{"part": 0, "min_x": -108.0, "max_x": 148.0, "min_y": 0.0, "max_y": 46.0, "width": 256.0, "height": 46.0}, {"part": 1, "min_x": 144.0, "max_x": 400.0, "min_y": 0.0, "max_y": 46.0, "width": 256.0, "height": 46.0}, {"part": 2, "min_x": 391.0, "max_x": 647.0, "min_y": 0.0, "max_y": 46.0, "width": 256.0, "height": 46.0}, {"part": 3, "min_x": 640.0, "max_x": 896.0, "min_y": 0.0, "max_y": 46.0, "width": 256.0, "height": 46.0}], "34": [{"part": 0, "min_x": 0.0, "max_x": 256.0, "min_y": 0.65, "max_y": 15.15, "width": 256.0, "height": 14.5}, {"part": 1, "min_x": 256.0, "max_x": 512.0, "min_y": 0.65, "max_y": 15.15, "width": 256.0, "height": 14.5}, {"part": 2, "min_x": 512.0, "max_x": 768.0, "min_y": 0.65, "max_y": 15.15, "width": 256.0, "height": 14.5}, {"part": 3, "min_x": 768.0, "max_x": 1024.0, "min_y": 0.65, "max_y": 15.15, "width": 256.0, "height": 14.5}], "35": [{"part": 0, "min_x": 0.0, "max_x": 256.0, "min_y": 30.85, "max_y": 45.35, "width": 256.0, "height": 14.5}, {"part": 1, "min_x": 256.0, "max_x": 512.0, "min_y": 30.85, "max_y": 45.35, "width": 256.0, "height": 14.5}, {"part": 2, "min_x": 512.0, "max_x": 768.0, "min_y": 30.85, "max_y": 45.35, "width": 256.0, "height": 14.5}, {"part": 3, "min_x": 768.0, "max_x": 1024.0, "min_y": 30.85, "max_y": 45.35, "width": 256.0, "height": 14.5}], "36": [{"part": 0, "min_x": 14.35, "max_x": 61.4, "min_y": 0.65, "max_y": 45.35, "width": 47.05, "height": 44.7}], "37": [{"part": 0, "min_x": -12.9, "max_x": 12.95, "min_y": -10.05, "max_y": 10.1, "width": 25.85, "height": 20.15}], "38": [{"part": 0, "min_x": 1.75, "max_x": 26.7, "min_y": 1.7, "max_y": 22.75, "width": 24.95, "height": 21.05}], "39": [{"part": 0, "min_x": -266.0, "max_x": 266.0, "min_y": 748.0, "max_y": 830.45, "width": 532.0, "height": 82.45000000000005}, {"part": 1, "min_x": -266.0, "max_x": 266.0, "min_y": 427.0, "max_y": 748.5, "width": 532.0, "height": 321.5}, {"part": 2, "min_x": -266.0, "max_x": 266.0, "min_y": 405.65, "max_y": 428.0, "width": 532.0, "height": 22.350000000000023}, {"part": 3, "min_x": 265.0, "max_x": 323.85, "min_y": 405.55, "max_y": 798.1, "width": 58.85000000000002, "height": 392.55}, {"part": 4, "min_x": -333.45, "max_x": -265.5, "min_y": 406.2, "max_y": 796.1, "width": 67.94999999999999, "height": 389.90000000000003}], "40": [{"part": 0, "min_x": -156.45, "max_x": 84.2, "min_y": 27.1, "max_y": 72.1, "width": 240.64999999999998, "height": 44.99999999999999}, {"part": 1, "min_x": -170.85, "max_x": 71.15, "min_y": -26.6, "max_y": 15.75, "width": 242.0, "height": 42.35}], "41": [{"part": 0, "min_x": -77.55, "max_x": 226.7, "min_y": 28.2, "max_y": 71.0, "width": 304.25, "height": 42.8}, {"part": 1, "min_x": -67.55, "max_x": 236.7, "min_y": -38.8, "max_y": 12.0, "width": 304.25, "height": 50.8}]}