{"0": [{"part": 0, "min_x": -53.0, "max_x": 52.0, "min_y": -26.0, "max_y": 25.0, "width": 105.0, "height": 51.0}], "1": [{"part": 0, "min_x": -53.0, "max_x": 52.5, "min_y": -26.0, "max_y": 25.0, "width": 105.5, "height": 51.0}], "2": [{"part": 0, "min_x": -51.0, "max_x": 50.5, "min_y": -30.0, "max_y": 30.5, "width": 101.5, "height": 60.5}], "3": [{"part": 0, "min_x": -51.0, "max_x": 51.5, "min_y": -30.0, "max_y": 30.5, "width": 102.5, "height": 60.5}], "4": [{"part": 0, "min_x": -65.95, "max_x": 60.75, "min_y": -97.6, "max_y": 73.35, "width": 126.7, "height": 170.95}], "5": [{"part": 0, "min_x": -72.9, "max_x": 31.25, "min_y": -131.45, "max_y": 24.75, "width": 104.15, "height": 156.2}], "6": [{"part": 0, "min_x": -87.6, "max_x": 84.15, "min_y": -122.75, "max_y": 65.5, "width": 171.75, "height": 188.25}], "7": [{"part": 0, "min_x": -24.75, "max_x": 26.05, "min_y": -24.1, "max_y": 22.8, "width": 50.8, "height": 46.900000000000006}], "8": [{"part": 0, "min_x": -82.65, "max_x": 79.95, "min_y": -39.7, "max_y": -16.25, "width": 162.60000000000002, "height": 23.450000000000003}, {"part": 1, "min_x": -106.05, "max_x": -52.65, "min_y": -48.8, "max_y": 21.5, "width": 53.4, "height": 70.3}, {"part": 2, "min_x": 59.95, "max_x": 113.35, "min_y": -48.8, "max_y": 21.5, "width": 53.39999999999999, "height": 70.3}], "9": [{"part": 0, "min_x": -18.55, "max_x": 19.85, "min_y": -51.05, "max_y": 14.65, "width": 38.400000000000006, "height": 65.7}], "10": [{"part": 0, "min_x": -21.8, "max_x": 15.3, "min_y": -50.4, "max_y": 14.0, "width": 37.1, "height": 64.4}], "11": [{"part": 0, "min_x": -29.95, "max_x": 29.95, "min_y": -39.7, "max_y": 21.5, "width": 59.9, "height": 61.2}], "12": [{"part": 0, "min_x": -85.0, "max_x": 88.5, "min_y": -111.5, "max_y": 63.8, "width": 173.5, "height": 175.3}], "13": [{"part": 0, "min_x": -46.0, "max_x": 44.25, "min_y": -95.0, "max_y": 19.55, "width": 90.25, "height": 114.55}], "14": [{"part": 0, "min_x": -81.35, "max_x": 85.2, "min_y": -145.1, "max_y": 59.7, "width": 166.55, "height": 204.8}], "15": [{"part": 0, "min_x": 66.55, "max_x": 125.35, "min_y": -32.95, "max_y": 32.9, "width": 58.8, "height": 65.85}], "16": [{"part": 0, "min_x": -8.0, "max_x": 9.35, "min_y": -4.8, "max_y": 6.15, "width": 17.35, "height": 10.95}], "17": [{"part": 0, "min_x": -4.7, "max_x": 3.35, "min_y": -4.7, "max_y": 4.7, "width": 8.05, "height": 9.4}], "18": [{"part": 0, "min_x": 64.8, "max_x": 125.35, "min_y": -32.95, "max_y": 32.9, "width": 60.55, "height": 65.85}], "19": [{"part": 0, "min_x": 66.55, "max_x": 125.35, "min_y": -32.95, "max_y": 32.9, "width": 58.8, "height": 65.85}], "20": [{"part": 0, "min_x": 66.55, "max_x": 127.1, "min_y": -32.95, "max_y": 32.9, "width": 60.55, "height": 65.85}], "21": [{"part": 0, "min_x": 68.25, "max_x": 127.1, "min_y": -32.95, "max_y": 32.9, "width": 58.849999999999994, "height": 65.85}], "22": [{"part": 0, "min_x": 70.0, "max_x": 125.35, "min_y": -32.95, "max_y": 32.9, "width": 55.349999999999994, "height": 65.85}], "23": [{"part": 0, "min_x": 598.5, "max_x": 755.5, "min_y": -360.95, "max_y": 385.6, "width": 157.0, "height": 746.55}, {"part": 1, "min_x": 599.0, "max_x": 756.0, "min_y": 371.75, "max_y": 1133.0, "width": 157.0, "height": 761.25}, {"part": 2, "min_x": -776.0, "max_x": -619.0, "min_y": -338.6, "max_y": 387.0, "width": 157.0, "height": 725.6}, {"part": 3, "min_x": -775.5, "max_x": -618.5, "min_y": 367.95, "max_y": 1107.8, "width": 157.0, "height": 739.8499999999999}, {"part": 4, "min_x": -668.0, "max_x": 664.0, "min_y": -641.0, "max_y": -341.0, "width": 1332.0, "height": 300.0}, {"part": 5, "min_x": -667.95, "max_x": 664.05, "min_y": 1103.0, "max_y": 1403.0, "width": 1332.0, "height": 300.0}], "24": [{"part": 0, "min_x": -64.0, "max_x": 64.0, "min_y": -64.0, "max_y": 64.0, "width": 128.0, "height": 128.0}], "25": [{"part": 0, "min_x": -52.0, "max_x": 52.0, "min_y": -56.0, "max_y": 56.0, "width": 104.0, "height": 112.0}], "26": [{"part": 0, "min_x": -383.0, "max_x": -267.6, "min_y": 407.0, "max_y": 745.15, "width": 115.39999999999998, "height": 338.15}, {"part": 1, "min_x": 268.0, "max_x": 382.05, "min_y": 410.0, "max_y": 748.15, "width": 114.05000000000001, "height": 338.15}, {"part": 2, "min_x": -385.0, "max_x": 382.7, "min_y": 745.0, "max_y": 893.75, "width": 767.7, "height": 148.75}, {"part": 3, "min_x": -384.0, "max_x": 384.4, "min_y": -125.0, "max_y": 25.75, "width": 768.4, "height": 150.75}, {"part": 4, "min_x": -384.0, "max_x": -268.6, "min_y": 25.0, "max_y": 411.85, "width": 115.39999999999998, "height": 386.85}, {"part": 5, "min_x": 268.0, "max_x": 382.7, "min_y": 25.0, "max_y": 411.85, "width": 114.69999999999999, "height": 386.85}, {"part": 6, "min_x": -269.1, "max_x": 269.15, "min_y": 362.65, "max_y": 411.35, "width": 538.25, "height": 48.700000000000045}, {"part": 7, "min_x": -90.0, "max_x": 89.0, "min_y": 744.0, "max_y": 769.0, "width": 179.0, "height": 25.0}, {"part": 8, "min_x": -269.0, "max_x": 269.0, "min_y": 408.0, "max_y": 745.0, "width": 538.0, "height": 337.0}, {"part": 9, "min_x": -269.0, "max_x": 269.0, "min_y": 25.0, "max_y": 368.0, "width": 538.0, "height": 343.0}, {"part": 10, "min_x": -90.0, "max_x": 89.5, "min_y": 1.0, "max_y": 26.0, "width": 179.5, "height": 25.0}], "27": [{"part": 0, "min_x": -23.7, "max_x": 23.7, "min_y": -6.9, "max_y": 10.35, "width": 47.4, "height": 17.25}], "28": [{"part": 0, "min_x": 135.3, "max_x": 190.2, "min_y": 354.65, "max_y": 413.35, "width": 54.89999999999998, "height": 58.700000000000045}, {"part": 1, "min_x": -193.45, "max_x": -138.55, "min_y": 354.65, "max_y": 413.35, "width": 54.89999999999998, "height": 58.700000000000045}], "29": [{"part": 0, "min_x": -178.05, "max_x": -74.05, "min_y": 68.0, "max_y": 180.0, "width": 104.00000000000001, "height": 112.0}, {"part": 1, "min_x": -178.05, "max_x": -50.05, "min_y": 68.0, "max_y": 196.0, "width": 128.0, "height": 128.0}, {"part": 2, "min_x": -178.05, "max_x": 628.95, "min_y": 68.0, "max_y": 141.0, "width": 807.0, "height": 73.0}, {"part": 3, "min_x": -178.05, "max_x": -6.05, "min_y": 68.0, "max_y": 648.0, "width": 172.0, "height": 580.0}, {"part": 4, "min_x": -178.05, "max_x": -5.05, "min_y": 68.0, "max_y": 648.0, "width": 173.0, "height": 580.0}, {"part": 5, "min_x": -178.05, "max_x": 973.95, "min_y": 68.0, "max_y": 294.0, "width": 1152.0, "height": 226.0}, {"part": 6, "min_x": -178.05, "max_x": 972.95, "min_y": 68.0, "max_y": 291.0, "width": 1151.0, "height": 223.0}, {"part": 7, "min_x": -178.05, "max_x": -7.05, "min_y": 68.0, "max_y": 575.0, "width": 171.0, "height": 507.0}, {"part": 8, "min_x": -178.05, "max_x": -5.05, "min_y": 68.0, "max_y": 575.0, "width": 173.0, "height": 507.0}, {"part": 9, "min_x": -178.05, "max_x": 180.95, "min_y": 68.0, "max_y": 118.0, "width": 359.0, "height": 50.0}, {"part": 10, "min_x": -178.05, "max_x": 897.95, "min_y": 68.0, "max_y": 754.0, "width": 1076.0, "height": 686.0}, {"part": 11, "min_x": -178.05, "max_x": 897.95, "min_y": 68.0, "max_y": 153.0, "width": 1076.0, "height": 85.0}, {"part": 12, "min_x": -178.05, "max_x": 179.95, "min_y": 68.0, "max_y": 118.0, "width": 358.0, "height": 50.0}, {"part": 13, "min_x": -178.05, "max_x": 897.95, "min_y": 68.0, "max_y": 742.0, "width": 1076.0, "height": 674.0}], "30": [{"part": 0, "min_x": -63.35, "max_x": 56.4, "min_y": -105.4, "max_y": 49.05, "width": 119.75, "height": 154.45}], "31": [{"part": 0, "min_x": -57.25, "max_x": 59.85, "min_y": -107.15, "max_y": 67.25, "width": 117.1, "height": 174.4}], "32": [{"part": 0, "min_x": -56.4, "max_x": 58.15, "min_y": -121.9, "max_y": 46.45, "width": 114.55, "height": 168.35000000000002}], "33": [{"part": 0, "min_x": -55.55, "max_x": 55.55, "min_y": -125.4, "max_y": 45.55, "width": 111.1, "height": 170.95}]}