{"0": [{"part": 0, "min_x": -54.05, "max_x": 51.8, "min_y": -38.6, "max_y": 34.2, "width": 105.85, "height": 72.80000000000001}], "1": [{"part": 0, "min_x": -23.75, "max_x": 21.55, "min_y": -67.9, "max_y": 9.4, "width": 45.3, "height": 77.30000000000001}], "2": [{"part": 0, "min_x": -23.75, "max_x": 21.55, "min_y": -61.25, "max_y": -20.4, "width": 45.3, "height": 40.85}], "3": [{"part": 0, "min_x": -24.85, "max_x": 24.85, "min_y": -66.8, "max_y": 9.4, "width": 49.7, "height": 76.2}], "4": [{"part": 0, "min_x": -24.85, "max_x": 21.55, "min_y": -61.25, "max_y": -17.1, "width": 46.400000000000006, "height": 44.15}], "5": [{"part": 0, "min_x": -27.05, "max_x": 30.35, "min_y": -65.7, "max_y": 9.4, "width": 57.400000000000006, "height": 75.10000000000001}], "6": [{"part": 0, "min_x": -27.05, "max_x": 20.45, "min_y": -61.25, "max_y": -14.85, "width": 47.5, "height": 46.4}], "7": [{"part": 0, "min_x": -29.25, "max_x": 34.8, "min_y": -63.45, "max_y": 7.2, "width": 64.05, "height": 70.65}], "8": [{"part": 0, "min_x": -29.25, "max_x": 20.45, "min_y": -61.25, "max_y": -12.65, "width": 49.7, "height": 48.6}], "9": [{"part": 0, "min_x": -31.45, "max_x": 39.2, "min_y": -61.25, "max_y": 5.0, "width": 70.65, "height": 66.25}], "10": [{"part": 0, "min_x": -30.35, "max_x": 19.35, "min_y": -61.25, "max_y": -11.55, "width": 49.7, "height": 49.7}], "11": [{"part": 0, "min_x": -35.9, "max_x": 41.4, "min_y": -60.15, "max_y": 2.8, "width": 77.3, "height": 62.949999999999996}], "12": [{"part": 0, "min_x": -30.35, "max_x": 17.15, "min_y": -60.15, "max_y": -11.55, "width": 47.5, "height": 48.599999999999994}], "13": [{"part": 0, "min_x": -39.2, "max_x": 42.5, "min_y": -59.05, "max_y": -1.65, "width": 81.7, "height": 57.4}], "14": [{"part": 0, "min_x": -29.25, "max_x": 14.9, "min_y": -59.05, "max_y": -11.55, "width": 44.15, "height": 47.5}], "15": [{"part": 0, "min_x": -41.4, "max_x": 43.6, "min_y": -56.85, "max_y": -6.05, "width": 85.0, "height": 50.800000000000004}], "16": [{"part": 0, "min_x": -27.05, "max_x": 12.7, "min_y": -56.85, "max_y": -10.45, "width": 39.75, "height": 46.400000000000006}], "17": [{"part": 0, "min_x": -42.5, "max_x": 42.5, "min_y": -54.65, "max_y": -10.45, "width": 85.0, "height": 44.2}], "18": [{"part": 0, "min_x": -24.85, "max_x": 10.5, "min_y": -54.65, "max_y": -10.45, "width": 35.35, "height": 44.2}], "19": [{"part": 0, "min_x": -42.5, "max_x": 42.5, "min_y": -54.65, "max_y": -10.45, "width": 85.0, "height": 44.2}], "20": [{"part": 0, "min_x": -24.85, "max_x": 10.5, "min_y": -54.65, "max_y": -10.45, "width": 35.35, "height": 44.2}], "21": [{"part": 0, "min_x": -41.4, "max_x": 43.6, "min_y": -59.05, "max_y": -8.25, "width": 85.0, "height": 50.8}], "22": [{"part": 0, "min_x": -27.05, "max_x": 13.8, "min_y": -54.65, "max_y": -8.25, "width": 40.85, "height": 46.4}], "23": [{"part": 0, "min_x": -39.2, "max_x": 42.5, "min_y": -63.45, "max_y": -6.05, "width": 81.7, "height": 57.400000000000006}], "24": [{"part": 0, "min_x": -29.25, "max_x": 16.0, "min_y": -53.55, "max_y": -6.05, "width": 45.25, "height": 47.5}], "25": [{"part": 0, "min_x": -35.9, "max_x": 41.4, "min_y": -67.9, "max_y": -4.95, "width": 77.3, "height": 62.95}], "26": [{"part": 0, "min_x": -30.35, "max_x": 17.15, "min_y": -53.55, "max_y": -4.95, "width": 47.5, "height": 48.599999999999994}], "27": [{"part": 0, "min_x": -31.45, "max_x": 38.1, "min_y": -70.1, "max_y": -3.85, "width": 69.55, "height": 66.25}], "28": [{"part": 0, "min_x": -30.35, "max_x": 19.35, "min_y": -53.55, "max_y": -3.85, "width": 49.7, "height": 49.699999999999996}], "29": [{"part": 0, "min_x": -29.25, "max_x": 34.8, "min_y": -72.3, "max_y": -1.65, "width": 64.05, "height": 70.64999999999999}], "30": [{"part": 0, "min_x": -29.25, "max_x": 20.45, "min_y": -52.45, "max_y": -3.85, "width": 49.7, "height": 48.6}], "31": [{"part": 0, "min_x": -27.05, "max_x": 30.35, "min_y": -74.5, "max_y": 0.6, "width": 57.400000000000006, "height": 75.1}], "32": [{"part": 0, "min_x": -27.05, "max_x": 20.45, "min_y": -51.35, "max_y": -3.85, "width": 47.5, "height": 47.5}], "33": [{"part": 0, "min_x": -24.85, "max_x": 24.85, "min_y": -74.5, "max_y": 2.8, "width": 49.7, "height": 77.3}], "34": [{"part": 0, "min_x": -24.85, "max_x": 21.55, "min_y": -51.35, "max_y": -4.95, "width": 46.400000000000006, "height": 46.4}], "35": [{"part": 0, "min_x": -23.75, "max_x": 21.55, "min_y": -74.5, "max_y": 2.8, "width": 45.3, "height": 77.3}], "36": [{"part": 0, "min_x": -23.75, "max_x": 21.55, "min_y": -51.35, "max_y": -7.15, "width": 45.3, "height": 44.2}], "37": [{"part": 0, "min_x": -34.8, "max_x": 33.7, "min_y": -33.7, "max_y": 27.05, "width": 68.5, "height": 60.75}], "38": [{"part": 0, "min_x": -34.8, "max_x": 33.7, "min_y": -34.8, "max_y": 25.95, "width": 68.5, "height": 60.75}], "39": [{"part": 0, "min_x": -34.8, "max_x": 33.7, "min_y": -33.7, "max_y": 27.05, "width": 68.5, "height": 60.75}], "40": [{"part": 0, "min_x": -34.8, "max_x": 33.7, "min_y": -34.8, "max_y": 25.95, "width": 68.5, "height": 60.75}], "41": [{"part": 0, "min_x": -25.95, "max_x": 24.85, "min_y": -46.9, "max_y": 25.95, "width": 50.8, "height": 72.85}], "42": [{"part": 0, "min_x": -38.1, "max_x": 38.1, "min_y": -37.0, "max_y": 30.35, "width": 76.2, "height": 67.35}], "43": [{"part": 0, "min_x": -38.1, "max_x": 37.0, "min_y": -38.1, "max_y": 29.25, "width": 75.1, "height": 67.35}], "44": [{"part": 0, "min_x": -38.1, "max_x": 38.1, "min_y": -37.0, "max_y": 29.25, "width": 76.2, "height": 66.25}], "45": [{"part": 0, "min_x": -38.1, "max_x": 38.1, "min_y": -38.1, "max_y": 29.25, "width": 76.2, "height": 67.35}], "46": [{"part": 0, "min_x": -31.45, "max_x": 29.25, "min_y": -49.15, "max_y": 28.15, "width": 60.7, "height": 77.3}], "47": [{"part": 0, "min_x": -43.6, "max_x": 45.8, "min_y": -42.5, "max_y": 34.8, "width": 89.4, "height": 77.3}], "48": [{"part": 0, "min_x": -43.6, "max_x": 45.8, "min_y": -43.6, "max_y": 34.8, "width": 89.4, "height": 78.4}], "49": [{"part": 0, "min_x": -43.6, "max_x": 44.7, "min_y": -42.5, "max_y": 34.8, "width": 88.30000000000001, "height": 77.3}], "50": [{"part": 0, "min_x": -43.6, "max_x": 44.7, "min_y": -43.6, "max_y": 34.8, "width": 88.30000000000001, "height": 78.4}], "51": [{"part": 0, "min_x": -40.3, "max_x": 38.1, "min_y": -51.35, "max_y": 29.25, "width": 78.4, "height": 80.6}], "52": [{"part": 0, "min_x": -44.7, "max_x": 46.9, "min_y": -43.6, "max_y": 35.9, "width": 91.6, "height": 79.5}], "53": [{"part": 0, "min_x": -44.7, "max_x": 46.9, "min_y": -44.7, "max_y": 35.9, "width": 91.6, "height": 80.6}], "54": [{"part": 0, "min_x": -44.7, "max_x": 46.9, "min_y": -44.7, "max_y": 35.9, "width": 91.6, "height": 80.6}], "55": [{"part": 0, "min_x": -44.7, "max_x": 46.9, "min_y": -44.7, "max_y": 35.9, "width": 91.6, "height": 80.6}], "56": [{"part": 0, "min_x": -42.5, "max_x": 40.3, "min_y": -50.25, "max_y": 28.15, "width": 82.8, "height": 78.4}], "57": [{"part": 0, "min_x": -42.5, "max_x": 44.7, "min_y": -42.5, "max_y": 33.7, "width": 87.2, "height": 76.2}], "58": [{"part": 0, "min_x": -42.5, "max_x": 45.8, "min_y": -43.6, "max_y": 34.8, "width": 88.3, "height": 78.4}], "59": [{"part": 0, "min_x": -42.5, "max_x": 44.7, "min_y": -43.6, "max_y": 33.7, "width": 87.2, "height": 77.30000000000001}], "60": [{"part": 0, "min_x": -42.5, "max_x": 45.8, "min_y": -43.6, "max_y": 34.8, "width": 88.3, "height": 78.4}], "61": [{"part": 0, "min_x": -44.7, "max_x": 42.5, "min_y": -46.9, "max_y": 22.65, "width": 87.2, "height": 69.55}], "62": [{"part": 0, "min_x": -39.2, "max_x": 41.4, "min_y": -41.4, "max_y": 31.45, "width": 80.6, "height": 72.85}], "63": [{"part": 0, "min_x": -39.2, "max_x": 42.5, "min_y": -41.4, "max_y": 32.6, "width": 81.7, "height": 74.0}], "64": [{"part": 0, "min_x": -39.2, "max_x": 41.4, "min_y": -41.4, "max_y": 31.45, "width": 80.6, "height": 72.85}], "65": [{"part": 0, "min_x": -39.2, "max_x": 42.5, "min_y": -41.4, "max_y": 32.6, "width": 81.7, "height": 74.0}], "66": [{"part": 0, "min_x": -46.9, "max_x": 40.3, "min_y": -42.5, "max_y": 18.25,