{"0": [{"part": 0, "min_x": -87.0, "max_x": 87.0, "min_y": -25.0, "max_y": 24.5, "width": 174.0, "height": 49.5}], "1": [{"part": 0, "min_x": -63.0, "max_x": 63.0, "min_y": -21.0, "max_y": 21.75, "width": 126.0, "height": 42.75}], "2": [{"part": 0, "min_x": -48.0, "max_x": 48.0, "min_y": -14.0, "max_y": 14.5, "width": 96.0, "height": 28.5}], "3": [{"part": 0, "min_x": -68.0, "max_x": 68.5, "min_y": -14.0, "max_y": 13.0, "width": 136.5, "height": 27.0}], "4": [{"part": 0, "min_x": 1.3, "max_x": 42.7, "min_y": 3.9, "max_y": 56.1, "width": 41.400000000000006, "height": 52.2}], "5": [{"part": 0, "min_x": -13.2, "max_x": 14.5, "min_y": -19.05, "max_y": 21.65, "width": 27.7, "height": 40.7}], "6": [{"part": 0, "min_x": -39.6, "max_x": 38.65, "min_y": -48.15, "max_y": 49.1, "width": 78.25, "height": 97.25}], "7": [{"part": 0, "min_x": -43.6, "max_x": 41.65, "min_y": -53.0, "max_y": 54.0, "width": 85.25, "height": 107.0}], "8": [{"part": 0, "min_x": -57.85, "max_x": 57.85, "min_y": -46.4, "max_y": 84.5, "width": 115.7, "height": 130.9}], "9": [{"part": 0, "min_x": -17.35, "max_x": 18.7, "min_y": -22.2, "max_y": 24.8, "width": 36.05, "height": 47.0}], "10": [{"part": 0, "min_x": -25.6, "max_x": 25.6, "min_y": -37.1, "max_y": 37.1, "width": 51.2, "height": 74.2}], "11": [{"part": 0, "min_x": -21.6, "max_x": 20.3, "min_y": -24.1, "max_y": 22.8, "width": 41.900000000000006, "height": 46.900000000000006}], "12": [{"part": 0, "min_x": -8.6, "max_x": 8.6, "min_y": -9.35, "max_y": 8.0, "width": 17.2, "height": 17.35}], "13": [{"part": 0, "min_x": -15.75, "max_x": 17.1, "min_y": -27.05, "max_y": 24.45, "width": 32.85, "height": 51.5}], "14": [{"part": 0, "min_x": -67.6, "max_x": 66.3, "min_y": -114.6, "max_y": 113.3, "width": 133.89999999999998, "height": 227.89999999999998}], "15": [{"part": 0, "min_x": -68.3, "max_x": 69.6, "min_y": -108.1, "max_y": 105.5, "width": 137.89999999999998, "height": 213.6}], "16": [{"part": 0, "min_x": -82.85, "max_x": 67.3, "min_y": -140.95, "max_y": 140.95, "width": 150.14999999999998, "height": 281.9}], "17": [{"part": 0, "min_x": -66.2, "max_x": 66.25, "min_y": -148.6, "max_y": 148.6, "width": 132.45, "height": 297.2}], "18": [{"part": 0, "min_x": -4.4, "max_x": 10.35, "min_y": -8.3, "max_y": 6.35, "width": 14.75, "height": 14.65}], "19": [{"part": 0, "min_x": -7.35, "max_x": 7.35, "min_y": -4.0, "max_y": 11.0, "width": 14.7, "height": 15.0}], "20": [{"part": 0, "min_x": -7.85, "max_x": 3.85, "min_y": -8.6, "max_y": 4.6, "width": 11.7, "height": 13.2}], "21": [{"part": 0, "min_x": -18.2, "max_x": 17.25, "min_y": -16.3, "max_y": 17.3, "width": 35.45, "height": 33.6}], "22": [{"part": 0, "min_x": -16.2, "max_x": 14.25, "min_y": -21.7, "max_y": 21.75, "width": 30.45, "height": 43.45}], "23": [{"part": 0, "min_x": -13.35, "max_x": 14.3, "min_y": -21.2, "max_y": 18.3, "width": 27.65, "height": 39.5}], "24": [{"part": 0, "min_x": -21.15, "max_x": 23.1, "min_y": -21.2, "max_y": 21.25, "width": 44.25, "height": 42.45}], "25": [{"part": 0, "min_x": -187.6, "max_x": 194.4, "min_y": -402.25, "max_y": 406.15, "width": 382.0, "height": 808.4}], "26": [{"part": 0, "min_x": -217.05, "max_x": 219.0, "min_y": -152.25, "max_y": 156.2, "width": 436.05, "height": 308.45}], "27": [{"part": 0, "min_x": -108.6, "max_x": 108.6, "min_y": -87.45, "max_y": 83.6, "width": 217.2, "height": 171.05}], "28": [{"part": 0, "min_x": -20.8, "max_x": 20.8, "min_y": -13.5, "max_y": 12.5, "width": 41.6, "height": 26.0}], "29": [{"part": 0, "min_x": -20.8, "max_x": 20.8, "min_y": -13.5, "max_y": 12.5, "width": 41.6, "height": 26.0}], "30": [{"part": 0, "min_x": -18.4, "max_x": 17.45, "min_y": -30.2, "max_y": 30.25, "width": 35.849999999999994, "height": 60.45}], "31": [{"part": 0, "min_x": -48.85, "max_x": 49.8, "min_y": -48.75, "max_y": 50.75, "width": 98.65, "height": 99.5}], "32": [{"part": 0, "min_x": -140.0, "max_x": 140.0, "min_y": -140.0, "max_y": 140.0, "width": 280.0, "height": 280.0}], "33": [{"part": 0, "min_x": 0.0, "max_x": 611.25, "min_y": 0.0, "max_y": 860.25, "width": 611.25, "height": 860.25}], "34": [{"part": 0, "min_x": -115.0, "max_x": 115.0, "min_y": -52.5, "max_y": 52.5, "width": 230.0, "height": 105.0}], "35": [{"part": 0, "min_x": -19.1, "max_x": 19.1, "min_y": -19.1, "max_y": 19.1, "width": 38.2, "height": 38.2}], "36": [{"part": 0, "min_x": -12.7, "max_x": 12.7, "min_y": -12.7, "max_y": 12.7, "width": 25.4, "height": 25.4}], "37": [{"part": 0, "min_x": -5.25, "max_x": 14.55, "min_y": -12.6, "max_y": 14.95, "width": 19.8, "height": 27.549999999999997}], "38": [{"part": 0, "min_x": -39.9, "max_x": 28.0, "min_y": -52.1, "max_y": 28.8, "width": 67.9, "height": 80.9}], "39": [{"part": 0, "min_x": 22.25, "max_x": 323.7, "min_y": -142.55, "max_y": 195.65, "width": 301.45, "height": 338.20000000000005}], "40": [{"part": 0, "min_x": 2.9, "max_x": 33.35, "min_y": 3.9, "max_y": 43.35, "width": 30.450000000000003, "height": 39.45}], "41": [{"part": 0, "min_x": 2.9, "max_x": 33.35, "min_y": 4.9, "max_y": 44.3, "width": 30.450000000000003, "height": 39.4}], "42": [{"part": 0, "min_x": 6.8, "max_x": 101.65, "min_y": 5.85, "max_y": 106.35, "width": 94.85000000000001, "height": 100.5}], "43": [{"part": 0, "min_x": -351.6, "max_x": -320.1, "min_y": 102.05, "max_y": 142.35, "width": 31.5, "height": 40.3}], "44": [{"part": 0, "min_x": -354.25, "max_x": -322.75, "min_y": 102.05, "max_y": 142.35, "width": 31.5, "height": 40.3}], "45": [{"part": 0, "min_x": -354.25, "max_x": -324.05, "min_y": 102.05, "max_y": 142.35, "width": 30.19999999999999, "height": 40.3}], "46": [{"part": 0, "min_x": -354.25, "max_x": -326.65, "min_y": 102.05, "max_y": 142.35, "width": 27.600000000000023, "height": 40.3}], "47": [{"part": 0, "min_x": -354.25, "max_x": -329.3, "min_y": 103.35, "max_y": 142.35, "width": 24.94999999999999, "height": 39.0}], "48": [{"part": 0, "min_x": -354.25, "max_x": -331.9, "min_y": 103.35, "max_y": 142.35, "width": 22.350000000000023, "height": 39.0}], "49": [{"part": 0, "min_x": -354.25, "max_x": -333.2, "min_y": 103.35, "max_y": 142.35, "width": 21.05000000000001, "height": 39.0}], "50": [{"part": 0, "min_x": -354.25, "max_x": -335.85, "min_y": 103.35, "max_y": 142.35, "width": 18.399999999999977, "height": 39.0}], "51": [{"part": 0, "min_x": -354.25, "max_x": -338.45, "min_y": 103.35, "max_y": 142.35, "width": 15.800000000000011, "height": 39.0}], "52": [{"part": 0, "min_x": -354.25, "max_x": -341.1, "min_y": 103.35, "max_y": 142.35, "width": 13.149999999999977, "height": 39.0}], "53": [{"part": 0, "min_x": -354.25, "max_x": -342.4, "min_y": 103.35, "max_y": 142.35, "width": 11.850000000000023, "height": 39.0}], "54": [{"part": 0, "min_x": -354.25, "max_x": -345.0, "min_y": 103.35, "max_y": 142.35, "width": 9.25, "height": 39.0}], "55": [{"part": 0, "min_x": -354.25, "max_x": -347.65, "min_y": 103.35, "max_y": 130.65, "width": 6.600000000000023, "height": 27.30000000000001}], "56": [{"part": 0, "min_x": -354.25, "max_x": -348.95, "min_y": 103.35, "max_y": 130.65, "width": 5.300000000000011, "height": 27.30000000000001}], "57": [{"part": 0, "min_x": -417.25, "max_x": -413.25, "min_y": 103.35, "max_y": 130.65, "width": 4.0, "height": 27.30000000000001}], "58": [{"part": 0, "min_x": -419.85, "max_x": -413.25, "min_y": 103.35, "max_y": 139.75, "width": 6.600000000000023, "height": 36.400000000000006}], "59": [{"part": 0, "min_x": -421.2, "max_x": -413.25, "min_y": 103.35, "max_y": 141.05, "width": 7.949999999999989, "height": 37.70000000000002}], "60": [{"part": 0, "min_x": -425.1, "max_x": -413.25, "min_y": 103.35, "max_y": 141.05, "width": 11.850000000000023, "height": 37.70000000000002}], "61": [{"part": 0, "min_x": -426.4, "max_x": -413.25, "min_y": 103.35, "max_y": 141.05, "width": 13.149999999999977, "height": 37.70000000000002}], "62": [{"part": 0, "min_x": -429.05, "max_x": -413.25, "min_y": 103.35, "max_y": 141.05, "width": 15.800000000000011, "height": 37.70000000000002}], "63": [{"part": 0, "min_x": -430.35, "max_x": -413.25, "min_y": 103.35,