{"0": [{"part": 0, "min_x": -247.0, "max_x": 246.0, "min_y": -79.0, "max_y": 77.0, "width": 493.0, "height": 156.0}], "1": [{"part": 0, "min_x": -56.0, "max_x": 57.0, "min_y": -31.1, "max_y": 34.0, "width": 113.0, "height": 65.1}], "2": [{"part": 0, "min_x": -59.0, "max_x": 57.0, "min_y": -32.4, "max_y": 34.0, "width": 116.0, "height": 66.4}], "3": [{"part": 0, "min_x": 0.0, "max_x": 8000.0, "min_y": 0.0, "max_y": 2145.2, "width": 8000.0, "height": 2145.2}], "4": [{"part": 0, "min_x": 0.0, "max_x": 8000.0, "min_y": 0.0, "max_y": 2047.65, "width": 8000.0, "height": 2047.65}], "5": [{"part": 0, "min_x": 0.0, "max_x": 857.3, "min_y": 0.0, "max_y": 5000.0, "width": 857.3, "height": 5000.0}], "6": [{"part": 0, "min_x": -160.0, "max_x": 160.0, "min_y": -70.5, "max_y": 49.6, "width": 320.0, "height": 120.1}], "7": [{"part": 0, "min_x": -144.05, "max_x": 154.45, "min_y": -92.5, "max_y": 88.6, "width": 298.5, "height": 181.1}], "8": [{"part": 0, "min_x": -162.25, "max_x": 137.5, "min_y": -91.2, "max_y": 96.4, "width": 299.75, "height": 187.60000000000002}], "9": [{"part": 0, "min_x": -109.65, "max_x": -61.05, "min_y": -117.5, "max_y": -54.5, "width": 48.60000000000001, "height": 63.0}], "10": [{"part": 0, "min_x": -89.5, "max_x": 142.0, "min_y": -310.55, "max_y": 287.05, "width": 231.5, "height": 597.6}], "11": [{"part": 0, "min_x": -138.9, "max_x": 536.3, "min_y": -72.4, "max_y": 177.6, "width": 675.1999999999999, "height": 250.0}], "12": [{"part": 0, "min_x": -140.2, "max_x": 558.4, "min_y": -72.4, "max_y": 419.75, "width": 698.5999999999999, "height": 492.15}], "13": [{"part": 0, "min_x": -36.9, "max_x": 169.9, "min_y": -188.1, "max_y": 402.75, "width": 206.8, "height": 590.85}], "14": [{"part": 0, "min_x": -112.9, "max_x": 170.6, "min_y": 15.45, "max_y": 264.05, "width": 283.5, "height": 248.60000000000002}], "15": [{"part": 0, "min_x": -24.5, "max_x": 22.8, "min_y": -34.8, "max_y": 31.35, "width": 47.3, "height": 66.15}], "16": [{"part": 0, "min_x": -25.35, "max_x": 21.05, "min_y": -30.5, "max_y": 33.1, "width": 46.400000000000006, "height": 63.6}], "17": [{"part": 0, "min_x": -25.35, "max_x": 25.35, "min_y": -31.35, "max_y": 29.65, "width": 50.7, "height": 61.0}], "18": [{"part": 0, "min_x": -27.95, "max_x": 22.8, "min_y": -28.8, "max_y": 31.35, "width": 50.75, "height": 60.150000000000006}], "19": [{"part": 0, "min_x": -55.2, "max_x": 37.1, "min_y": -23.25, "max_y": 30.1, "width": 92.30000000000001, "height": 53.35}], "20": [{"part": 0, "min_x": -31.1, "max_x": 61.85, "min_y": -150.1, "max_y": 39.0, "width": 92.95, "height": 189.1}], "21": [{"part": 0, "min_x": -56.05, "max_x": 42.3, "min_y": -33.55, "max_y": 24.95, "width": 98.35, "height": 58.5}], "22": [{"part": 0, "min_x": -265.9, "max_x": 239.9, "min_y": -143.7, "max_y": 151.5, "width": 505.79999999999995, "height": 295.2}], "23": [{"part": 0, "min_x": -73.85, "max_x": 91.95, "min_y": -79.85, "max_y": 78.15, "width": 165.8, "height": 158.0}], "24": [{"part": 0, "min_x": -241.3, "max_x": 241.3, "min_y": -197.0, "max_y": 198.3, "width": 482.6, "height": 395.3}], "25": [{"part": 0, "min_x": 6.0, "max_x": 219.05, "min_y": -128.6, "max_y": 209.75, "width": 213.05, "height": 338.35}], "26": [{"part": 0, "min_x": -109.9, "max_x": 97.9, "min_y": -77.35, "max_y": 260.15, "width": 207.8, "height": 337.5}], "27": [{"part": 0, "min_x": -348.75, "max_x": 534.55, "min_y": 97.2, "max_y": 165.0, "width": 883.3, "height": 67.8}], "28": [{"part": 0, "min_x": -72.7, "max_x": 18.5, "min_y": -146.5, "max_y": 332.5, "width": 91.2, "height": 479.0}], "29": [{"part": 0, "min_x": -6.3, "max_x": 107.1, "min_y": -146.5, "max_y": 332.5, "width": 113.39999999999999, "height": 479.0}], "30": [{"part": 0, "min_x": -408.6, "max_x": 595.7, "min_y": -117.0, "max_y": 152.65, "width": 1004.3000000000001, "height": 269.65}], "31": [{"part": 0, "min_x": -334.45, "max_x": 547.55, "min_y": 189.9, "max_y": 216.0, "width": 882.0, "height": 26.099999999999994}], "32": [{"part": 0, "min_x": -68.8, "max_x": 36.75, "min_y": -146.5, "max_y": 332.5, "width": 105.55, "height": 479.0}], "33": [{"part": 0, "min_x": 10.65, "max_x": 117.5, "min_y": -146.5, "max_y": 332.5, "width": 106.85, "height": 479.0}], "34": [{"part": 0, "min_x": -403.4, "max_x": 621.7, "min_y": -117.0, "max_y": 163.1, "width": 1025.1, "height": 280.1}], "35": [{"part": 0, "min_x": -66.8, "max_x": 218.0, "min_y": -147.85, "max_y": 337.8, "width": 284.8, "height": 485.65}], "36": [{"part": 0, "min_x": -16.8, "max_x": 76.0, "min_y": -23.5, "max_y": 52.1, "width": 92.8, "height": 75.6}], "37": [{"part": 0, "min_x": -28.8, "max_x": 28.85, "min_y": -27.4, "max_y": 33.9, "width": 57.650000000000006, "height": 61.3}], "38": [{"part": 0, "min_x": -55.25, "max_x": 55.25, "min_y": -27.4, "max_y": 33.9, "width": 110.5, "height": 61.3}], "39": [{"part": 0, "min_x": -56.2, "max_x": 56.2, "min_y": -27.4, "max_y": 33.9, "width": 112.4, "height": 61.3}], "40": [{"part": 0, "min_x": -19.35, "max_x": 20.25, "min_y": -36.55, "max_y": 15.95, "width": 39.6, "height": 52.5}], "41": [{"part": 0, "min_x": -40.1, "max_x": 35.55, "min_y": -23.7, "max_y": 32.25, "width": 75.65, "height": 55.95}], "42": [{"part": 0, "min_x": -40.65, "max_x": 36.75, "min_y": -27.7, "max_y": 28.25, "width": 77.4, "height": 55.95}], "43": [{"part": 0, "min_x": -64.3, "max_x": 73.2, "min_y": -139.05, "max_y": 28.45, "width": 137.5, "height": 167.5}], "44": [{"part": 0, "min_x": -74.65, "max_x": 63.7, "min_y": -139.05, "max_y": 28.45, "width": 138.35000000000002, "height": 167.5}], "45": [{"part": 0, "min_x": -145.4, "max_x": 104.8, "min_y": -153.9, "max_y": 245.4, "width": 250.2, "height": 399.3}, {"part": 1, "min_x": -145.0, "max_x": 105.65, "min_y": -154.1, "max_y": 50.25, "width": 250.65, "height": 204.35}], "46": [{"part": 0, "min_x": -143.6, "max_x": 84.95, "min_y": -68.15, "max_y": -3.75, "width": 228.55, "height": 64.4}], "47": [{"part": 0, "min_x": -145.4, "max_x": 104.8, "min_y": -211.9, "max_y": 187.4, "width": 250.2, "height": 399.3}], "48": [{"part": 0, "min_x": -126.5, "max_x": 116.8, "min_y": -254.6, "max_y": 142.1, "width": 243.3, "height": 396.7}], "49": [{"part": 0, "min_x": -34.05, "max_x": 9.2, "min_y": -17.15, "max_y": 68.05, "width": 43.25, "height": 85.19999999999999}], "50": [{"part": 0, "min_x": -126.5, "max_x": 116.8, "min_y": -161.6, "max_y": 235.1, "width": 243.3, "height": 396.7}, {"part": 1, "min_x": -126.0, "max_x": 116.9, "min_y": -161.9, "max_y": 40.75, "width": 242.9, "height": 202.65}]}