{"0": [{"part": 0, "min_x": -29.3, "max_x": 178.85, "min_y": -75.05, "max_y": 107.15, "width": 208.15, "height": 182.2}], "1": [{"part": 0, "min_x": -17.35, "max_x": 236.8, "min_y": -91.55, "max_y": 252.9, "width": 254.15, "height": 344.45}], "2": [{"part": 0, "min_x": -3.5, "max_x": 65.05, "min_y": -89.8, "max_y": 141.85, "width": 68.55, "height": 231.64999999999998}], "3": [{"part": 0, "min_x": -2.65, "max_x": 225.5, "min_y": -94.15, "max_y": 148.8, "width": 228.15, "height": 242.95000000000002}, {"part": 1, "min_x": -224.8, "max_x": 3.35, "min_y": -94.15, "max_y": 148.8, "width": 228.15, "height": 242.95000000000002}], "4": [{"part": 0, "min_x": -32.0, "max_x": 32.0, "min_y": -22.2, "max_y": 23.5, "width": 64.0, "height": 45.7}], "5": [{"part": 0, "min_x": -105.05, "max_x": 106.6, "min_y": -192.6, "max_y": 9.55, "width": 211.64999999999998, "height": 202.15}], "6": [{"part": 0, "min_x": -39.55, "max_x": -1.3, "min_y": -85.65, "max_y": -72.55, "width": 38.25, "height": 13.100000000000009}], "7": [{"part": 0, "min_x": -39.55, "max_x": -1.3, "min_y": -85.65, "max_y": -73.45, "width": 38.25, "height": 12.200000000000003}], "8": [{"part": 0, "min_x": -39.55, "max_x": -1.3, "min_y": -85.65, "max_y": -73.45, "width": 38.25, "height": 12.200000000000003}], "9": [{"part": 0, "min_x": -39.55, "max_x": -1.3, "min_y": -85.65, "max_y": -72.55, "width": 38.25, "height": 13.100000000000009}], "10": [{"part": 0, "min_x": -39.55, "max_x": -1.3, "min_y": -85.65, "max_y": -72.55, "width": 38.25, "height": 13.100000000000009}], "11": [{"part": 0, "min_x": -39.55, "max_x": -1.3, "min_y": -85.65, "max_y": -72.55, "width": 38.25, "height": 13.100000000000009}], "12": [{"part": 0, "min_x": -39.55, "max_x": -1.3, "min_y": -86.5, "max_y": -72.55, "width": 38.25, "height": 13.950000000000003}], "13": [{"part": 0, "min_x": -7.4, "max_x": 5.65, "min_y": -95.2, "max_y": 6.55, "width": 13.05, "height": 101.75}], "14": [{"part": 0, "min_x": -21.7, "max_x": 200.35, "min_y": -177.45, "max_y": 178.3, "width": 222.04999999999998, "height": 355.75}], "15": [{"part": 0, "min_x": 36.05, "max_x": 255.5, "min_y": -358.5, "max_y": 6.8, "width": 219.45, "height": 365.3}], "16": [{"part": 0, "min_x": 6.05, "max_x": 176.1, "min_y": 237.1, "max_y": 312.6, "width": 170.04999999999998, "height": 75.50000000000003}, {"part": 1, "min_x": 6.05, "max_x": 176.1, "min_y": 160.05, "max_y": 235.55, "width": 170.04999999999998, "height": 75.5}, {"part": 2, "min_x": -9.45, "max_x": 160.6, "min_y": 79.55, "max_y": 155.05, "width": 170.04999999999998, "height": 75.50000000000001}, {"part": 3, "min_x": -5.45, "max_x": 164.6, "min_y": 16.55, "max_y": 92.05, "width": 170.04999999999998, "height": 75.5}], "17": [{"part": 0, "min_x": 369.45, "max_x": 563.75, "min_y": 450.2, "max_y": 785.95, "width": 194.3, "height": 335.75000000000006}], "18": [{"part": 0, "min_x": -11.3, "max_x": 165.65, "min_y": -118.45, "max_y": 144.45, "width": 176.95000000000002, "height": 262.9}], "19": [{"part": 0, "min_x": -23.45, "max_x": 26.9, "min_y": -49.05, "max_y": 13.45, "width": 50.349999999999994, "height": 62.5}], "20": [{"part": 0, "min_x": -63.7, "max_x": 63.7, "min_y": -1.5, "max_y": 3.0, "width": 127.4, "height": 4.5}], "21": [{"part": 0, "min_x": -50.35, "max_x": 257.6, "min_y": -168.75, "max_y": 186.95, "width": 307.95000000000005, "height": 355.7}], "22": [{"part": 0, "min_x": -8.0, "max_x": 9.35, "min_y": -6.8, "max_y": 4.15, "width": 17.35, "height": 10.95}], "23": [{"part": 0, "min_x": -98.05, "max_x": 170.9, "min_y": -101.95, "max_y": 215.6, "width": 268.95, "height": 317.55}], "24": [{"part": 0, "min_x": -9.35, "max_x": 87.05, "min_y": -80.25, "max_y": 55.05, "width": 96.39999999999999, "height": 135.3}], "25": [{"part": 0, "min_x": -4.7, "max_x": 3.35, "min_y": -4.7, "max_y": 4.7, "width": 8.05, "height": 9.4}], "26": [{"part": 0, "min_x": -2.25, "max_x": 280.4, "min_y": -171.25, "max_y": 187.75, "width": 282.65, "height": 359.0}, {"part": 1, "min_x": -283.4, "max_x": -0.75, "min_y": -171.25, "max_y": 187.75, "width": 282.65, "height": 359.0}], "27": [{"part": 0, "min_x": -130.6, "max_x": 157.25, "min_y": -243.7, "max_y": 96.25, "width": 287.85, "height": 339.95}], "28": [{"part": 0, "min_x": -65.05, "max_x": 208.05, "min_y": -190.35, "max_y": 153.95, "width": 273.1, "height": 344.29999999999995}], "29": [{"part": 0, "min_x": -6.95, "max_x": 205.45, "min_y": -136.6, "max_y": 127.9, "width": 212.39999999999998, "height": 264.5}], "30": [{"part": 0, "min_x": -22.55, "max_x": 26.9, "min_y": -49.05, "max_y": 13.45, "width": 49.45, "height": 62.5}], "31": [{"part": 0, "min_x": -383.0, "max_x": -287.0, "min_y": 48.0, "max_y": 383.0, "width": 96.0, "height": 335.0}, {"part": 1, "min_x": -384.0, "max_x": 1.0, "min_y": 381.0, "max_y": 508.0, "width": 385.0, "height": 127.0}, {"part": 2, "min_x": -383.0, "max_x": 1.0, "min_y": -49.0, "max_y": 49.0, "width": 384.0, "height": 98.0}, {"part": 3, "min_x": -385.0, "max_x": 1.0, "min_y": -518.0, "max_y": -373.0, "width": 386.0, "height": 145.0}, {"part": 4, "min_x": -383.0, "max_x": -288.0, "min_y": -375.0, "max_y": -48.0, "width": 95.0, "height": 327.0}, {"part": 5, "min_x": 289.0, "max_x": 385.0, "min_y": 48.0, "max_y": 383.0, "width": 96.0, "height": 335.0}, {"part": 6, "min_x": -1.0, "max_x": 384.0, "min_y": 381.0, "max_y": 508.0, "width": 385.0, "height": 127.0}, {"part": 7, "min_x": -1.0, "max_x": 383.0, "min_y": -49.0, "max_y": 49.0, "width": 384.0, "height": 98.0}, {"part": 8, "min_x": -1.0, "max_x": 385.0, "min_y": -518.0, "max_y": -373.0, "width": 386.0, "height": 145.0}, {"part": 9, "min_x": 288.0, "max_x": 383.0, "min_y": -375.0, "max_y": -48.0, "width": 95.0, "height": 327.0}], "32": [{"part": 0, "min_x": -119.0, "max_x": 119.0, "min_y": -97.0, "max_y": 97.0, "width": 238.0, "height": 194.0}], "33": [{"part": 0, "min_x": -268.0, "max_x": 268.0, "min_y": 410.0, "max_y": 746.0, "width": 536.0, "height": 336.0}, {"part": 1, "min_x": -267.0, "max_x": 269.0, "min_y": 25.0, "max_y": 361.0, "width": 536.0, "height": 336.0}, {"part": 2, "min_x": -268.0, "max_x": -208.0, "min_y": 25.0, "max_y": 361.0, "width": 60.0, "height": 336.0}, {"part": 3, "min_x": -30.0, "max_x": 30.0, "min_y": 25.0, "max_y": 361.0, "width": 60.0, "height": 336.0}, {"part": 4, "min_x": -148.0, "max_x": -88.0, "min_y": 25.0, "max_y": 361.0, "width": 60.0, "height": 336.0}, {"part": 5, "min_x": 90.0, "max_x": 150.0, "min_y": 25.0, "max_y": 361.0, "width": 60.0, "height": 336.0}, {"part": 6, "min_x": 209.0, "max_x": 269.0, "min_y": 25.0, "max_y": 361.0, "width": 60.0, "height": 336.0}, {"part": 7, "min_x": -208.0, "max_x": -148.0, "min_y": 25.0, "max_y": 361.0, "width": 60.0, "height": 336.0}, {"part": 8, "min_x": 30.0, "max_x": 90.0, "min_y": 25.0, "max_y": 361.0, "width": 60.0, "height": 336.0}, {"part": 9, "min_x": -89.0, "max_x": -29.0, "min_y": 25.0, "max_y": 361.0, "width": 60.0, "height": 336.0}, {"part": 10, "min_x": 150.0, "max_x": 210.0, "min_y": 25.0, "max_y": 361.0, "width": 60.0, "height": 336.0}, {"part": 11, "min_x": -268.0, "max_x": -208.0, "min_y": 410.0, "max_y": 746.0, "width": 60.0, "height": 336.0}, {"part": 12, "min_x": -30.0, "max_x": 30.0, "min_y": 410.0, "max_y": 746.0, "width": 60.0, "height": 336.0}, {"part": 13, "min_x": -148.0, "max_x": -88.0, "min_y": 410.0, "max_y": 746.0, "width": 60.0, "height": 336.0}, {"part": 14, "min_x": 90.0, "max_x": 150.0, "min_y": 410.0, "max_y": 746.0, "width": 60.0, "height": 336.0}, {"part": 15, "min_x": 209.0, "max_x": 269.0, "min_y": 410.0, "max_y": 746.0, "width": 60.0, "height": 336.0}, {"part": 16, "min_x": -208.0, "max_x": -148.0, "min_y": 410.0, "max_y": 746.0, "width": 60.0, "height": 336.0}, {"part": 17, "min_x": 30.0, "max_x": 90.0, "min_y": 410.0, "max_y": 746.0, "width": 60.0, "height": 336.0}, {"part": 18, "min_x": -89.0, "max_x": -29.0, "min_y": 410.0, "max_y": 746.0, "width": 60.0, "height": 336.0}, {"part": 19, "min_x": 150.0, "max_x": 210.0, "min_y": 410.0, "max_y": 746.0, "width": 60.0, "height": 336.0}, {"part": 20,